Source,Country,Job Title,Company,Salary,Skills,Job Link
RemoteOK,Unknown,Lead Data Engineer,Open Architects,,,https://remoteok.com/remote-jobs/remote-lead-data-engineer-open-architects-1093295
RemoteOK,Unknown,Application Engineer,LaunchBrightly,,,https://remoteok.com/remote-jobs/remote-application-engineer-launchbrightly-1093516
RemoteOK,Unknown,Svelte Developer,Green Stuff World,,,https://remoteok.com/remote-jobs/remote-svelte-developer-green-stuff-world-1093508
RemoteOK,Unknown,Senior Python Backend Engineer,Orga AI,,,https://remoteok.com/remote-jobs/remote-senior-python-backend-engineer-orga-ai-1093458
RemoteOK,Unknown,Senior Software Engineer,ModelVault,,,https://remoteok.com/remote-jobs/remote-senior-software-engineer-modelvault-1093504
RemoteOK,Unknown,Senior Backend Engineer,HockeyStack,,,https://remoteok.com/remote-jobs/remote-senior-backend-engineer-hockeystack-1093257
RemoteOK,Unknown,Software Engineer,Jump,,,https://remoteok.com/remote-jobs/remote-software-engineer-jump-1093450
RemoteOK,Unknown,React Native Developer,Interviews Chat,,,https://remoteok.com/remote-jobs/remote-react-native-developer-interviews-chat-1093451
RemoteOK,Unknown,Senior WordPress Plugins Developer,Melapress,,,https://remoteok.com/remote-jobs/remote-senior-wordpress-plugins-developer-melapress-1093402
RemoteOK,Unknown,Senior Fullstack Developer,Swipe Games,,,https://remoteok.com/remote-jobs/remote-senior-fullstack-developer-swipe-games-1093439
RemoteOK,Unknown,Senior Full Stack Developer,Zammad,,,https://remoteok.com/remote-jobs/remote-senior-full-stack-developer-zammad-1093045
RemoteOK,Unknown,Senior Full Stack Engineer,AMK Solutions,,,https://remoteok.com/remote-jobs/remote-senior-full-stack-engineer-amk-solutions-1093412
RemoteOK,Unknown,Founding Engineer,Teracy,,,https://remoteok.com/remote-jobs/remote-founding-engineer-teracy-1093410
RemoteOK,Unknown,Senior AI Engineer Python & LLM Engineer,Lemon.io,,,https://remoteok.com/remote-jobs/remote-senior-ai-engineer-python-llm-engineer-lemon-io-1093400
RemoteOK,Unknown,Javascript Fullstack Engineer Senior,Lumenalta,,,https://remoteok.com/remote-jobs/remote-javascript-fullstack-engineer-senior-lumenalta-1092919
RemoteOK,Unknown,Software Engineer,ControlShift,,,https://remoteok.com/remote-jobs/remote-software-engineer-controlshift-1093322
RemoteOK,Unknown,Tech Cofounder CTO,Founders Factory,,,https://remoteok.com/remote-jobs/remote-tech-cofounder-cto-founders-factory-1093267
RemoteOK,Unknown,Senior React Native SDK Engineer,Nami ML,,,https://remoteok.com/remote-jobs/remote-senior-react-native-sdk-engineer-nami-ml-1093276
RemoteOK,Unknown,Spanish Speaking Software Support Engineer,Payara,,,https://remoteok.com/remote-jobs/remote-spanish-speaking-software-support-engineer-payara-1093246
RemoteOK,Unknown,Administrative Executive,Prime Design & Build,,,https://remoteok.com/remote-jobs/remote-administrative-executive-prime-design-build-1092987
RemoteOK,Unknown,Senior Data Engineer,Soda Data,,,https://remoteok.com/remote-jobs/remote-senior-data-engineer-soda-data-1087414
RemoteOK,Unknown,Lead Data Engineer,Plato,,,https://remoteok.com/remote-jobs/110706-remote-lead-data-engineer-plato
RemoteOK,Unknown,Lead Data Engineer,Open Architects,,,https://remoteok.com/remote-jobs/remote-lead-data-engineer-open-architects-1093295
RemoteOK,Unknown,Application Engineer,LaunchBrightly,,,https://remoteok.com/remote-jobs/remote-application-engineer-launchbrightly-1093516
RemoteOK,Unknown,Full Stack Engineer,ReadMe,,,https://remoteok.com/remote-jobs/remote-full-stack-engineer-readme-1093507
RemoteOK,Unknown,Senior Software Engineer,Aurora Labs,,,https://remoteok.com/remote-jobs/remote-senior-software-engineer-aurora-labs-1093506
RemoteOK,Unknown,Senior Backend Engineer,HockeyStack,,,https://remoteok.com/remote-jobs/remote-senior-backend-engineer-hockeystack-1093257
RemoteOK,Unknown,Software Engineer II,Trunk.io,,,https://remoteok.com/remote-jobs/remote-software-engineer-ii-trunk-io-1093500
RemoteOK,Unknown,Software Engineer,Jump,,,https://remoteok.com/remote-jobs/remote-software-engineer-jump-1093450
RemoteOK,Unknown,EMEA Solutions Engineer,PingCAP,,,https://remoteok.com/remote-jobs/remote-emea-solutions-engineer-pingcap-1093492
RemoteOK,Unknown,Senior Software Engineer Full Stack,Pano AI,,,https://remoteok.com/remote-jobs/remote-senior-software-engineer-full-stack-pano-ai-1093481
RemoteOK,Unknown,Data Engineer II,TrueML,,,https://remoteok.com/remote-jobs/remote-data-engineer-ii-trueml-1093479
RemoteOK,Unknown,Back End Engineer,Medely,,,https://remoteok.com/remote-jobs/remote-back-end-engineer-medely-1093475
RemoteOK,Unknown,Senior Backend Engineer,DoiT,,,https://remoteok.com/remote-jobs/remote-senior-backend-engineer-doit-1093474
RemoteOK,Unknown,Staff Front End Engineer,Medely,,,https://remoteok.com/remote-jobs/remote-staff-front-end-engineer-medely-1093473
RemoteOK,Unknown,Senior Scientific Software Engineer Magnet Protection Systems,Commonwealth Fusion Systems,,,https://remoteok.com/remote-jobs/remote-senior-scientific-software-engineer-magnet-protection-systems-commonwealth-fusion-systems-1093472
RemoteOK,Unknown,Staff Engineer Distributed Systems,LaunchDarkly,,,https://remoteok.com/remote-jobs/remote-staff-engineer-distributed-systems-launchdarkly-1093469
RemoteOK,Unknown,Senior Site Reliability Engineer ML Platforms,2100 NVIDIA USA,,,https://remoteok.com/remote-jobs/remote-senior-site-reliability-engineer-ml-platforms-2100-nvidia-usa-1093465
RemoteOK,Unknown,Senior Software Engineer Open Source Server,Temporal,,,https://remoteok.com/remote-jobs/remote-senior-software-engineer-open-source-server-temporal-1093463
RemoteOK,Unknown,Golang Engineer,Unikraft,,,https://remoteok.com/remote-jobs/remote-golang-engineer-unikraft-1093462
RemoteOK,Unknown,Golang Engineer,Unikraft,,,https://remoteok.com/remote-jobs/remote-golang-engineer-unikraft-1093459
RemoteOK,Unknown,Software Engineer Interop,Mysten Labs,,,https://remoteok.com/remote-jobs/remote-software-engineer-interop-mysten-labs-1093455
RemoteOK,Unknown,Lead Data Engineer,Open Architects,,,https://remoteok.com/remote-jobs/remote-lead-data-engineer-open-architects-1093295
RemoteOK,Unknown,Brand Designer,Contra,,,https://remoteok.com/remote-jobs/remote-brand-designer-contra-1093024
RemoteOK,Unknown,Motion Designer,Contra,,,https://remoteok.com/remote-jobs/remote-motion-designer-contra-1093022
RemoteOK,Unknown,Web Developer,Contra,,,https://remoteok.com/remote-jobs/remote-web-developer-contra-1093019
RemoteOK,Unknown,VP of Engineering,Soda Data,,,https://remoteok.com/remote-jobs/remote-vp-of-engineering-soda-data-1087577
RemoteOK,Unknown,Symplast Forms Specialist Patient Intake Customizations,Symplast,,,https://remoteok.com/remote-jobs/remote-symplast-forms-specialist-patient-intake-customizations-symplast-1092967
RemoteOK,Unknown,Data Migration Specialist Data Import & Export,Symplast,,,https://remoteok.com/remote-jobs/remote-data-migration-specialist-data-import-export-symplast-1092966
RemoteOK,Unknown,Technical Consultant,Contra,,,https://remoteok.com/remote-jobs/remote-technical-consultant-contra-1092960
RemoteOK,Unknown,Senior Data Engineer,Soda Data,,,https://remoteok.com/remote-jobs/remote-senior-data-engineer-soda-data-1087414
RemoteOK,Unknown,Data Warehouse Engineer,Plutus,,,https://remoteok.com/remote-jobs/remote-data-warehouse-engineer-plutus-935089
RemoteOK,Unknown,Data Scientist & Data Engineer AI ML,Lemon.io,,,https://remoteok.com/remote-jobs/remote-data-scientist-data-engineer-ai-ml-lemon-io-613825
RemoteOK,Unknown,Senior DataOps Engineer,Revelator,,,https://remoteok.com/remote-jobs/remote-senior-dataops-engineer-revelator-599532
RemoteOK,Unknown,Senior Microsoft PowerBI Developer,Proxify,,,https://remoteok.com/remote-jobs/remote-senior-microsoft-powerbi-developer-proxify-382265
RemoteOK,Unknown,Senior Data Engineer,Proxify,,,https://remoteok.com/remote-jobs/remote-senior-data-engineer-proxify-382258
RemoteOK,Unknown,Senior Analyst for Customer Analytics & Insights,Nadine West,,,https://remoteok.com/remote-jobs/remote-senior-analyst-for-customer-analytics-insights-nadine-west-344392
RemoteOK,Unknown,Senior Data Engineer Long term,Proxify,,,https://remoteok.com/remote-jobs/remote-senior-data-engineer-long-term-proxify-187862
RemoteOK,Unknown,Integrations Team Lead,CoinLedger,,,https://remoteok.com/remote-jobs/remote-integrations-team-lead-coinledger-248850
RemoteOK,Unknown,Senior Backend and Data Engineer,Paperpile,,,https://remoteok.com/remote-jobs/remote-senior-backend-and-data-engineer-paperpile-235198
RemoteOK,Unknown,Data Engineer,Tessera,,,https://remoteok.com/remote-jobs/remote-data-engineer-tessera-225194
RemoteOK,Unknown,Staff Data Scientist Search Machine Learning Platform,Indeed,,,https://remoteok.com/remote-jobs/remote-staff-data-scientist-search-machine-learning-platform-indeed-132377
RemoteOK,Unknown,Lead Data Engineer,Open Architects,,,https://remoteok.com/remote-jobs/remote-lead-data-engineer-open-architects-1093295
RemoteOK,Unknown,Senior Software Engineer Full Stack,Pano AI,,,https://remoteok.com/remote-jobs/remote-senior-software-engineer-full-stack-pano-ai-1093481
RemoteOK,Unknown,Senior Site Reliability Engineer ML Platforms,2100 NVIDIA USA,,,https://remoteok.com/remote-jobs/remote-senior-site-reliability-engineer-ml-platforms-2100-nvidia-usa-1093465
RemoteOK,Unknown,Enterprise Cloud Architect,Liatrio,,,https://remoteok.com/remote-jobs/remote-enterprise-cloud-architect-liatrio-1093403
RemoteOK,Unknown,Senior Staff Engineer Infrastructure,Pryon,,,https://remoteok.com/remote-jobs/remote-senior-staff-engineer-infrastructure-pryon-1093343
RemoteOK,Unknown,Senior DevOps Engineer,EasyPost,,,https://remoteok.com/remote-jobs/remote-senior-devops-engineer-easypost-1093294
RemoteOK,Unknown,Software Engineer II,Everbridge,,,https://remoteok.com/remote-jobs/remote-software-engineer-ii-everbridge-1093283
RemoteOK,Unknown,Full Stack .NET Developer,Smart Working Solutions,,,https://remoteok.com/remote-jobs/remote-full-stack-net-developer-smart-working-solutions-1093245
RemoteOK,Unknown,Technical Lead DevOps,Magnet Forensics,,,https://remoteok.com/remote-jobs/remote-technical-lead-devops-magnet-forensics-1093224
RemoteOK,Unknown,Job 23799 SÃªnior Java Developer Brazil,CI&T,,,https://remoteok.com/remote-jobs/remote-job-23799-senior-java-developer-brazil-ciampt-1093219
RemoteOK,Unknown,Senior Data Analytics Engineer,Fullscript,,,https://remoteok.com/remote-jobs/remote-senior-data-analytics-engineer-fullscript-1093152
RemoteOK,Unknown,Software Engineer III,Nextech,,,https://remoteok.com/remote-jobs/remote-software-engineer-iii-nextech-1093125
RemoteOK,Unknown,Senior Software Engineer,Nava,,,https://remoteok.com/remote-jobs/remote-senior-software-engineer-nava-1093123
RemoteOK,Unknown,Computational Journalist Data Reporting,500 WP Company LLC,,,https://remoteok.com/remote-jobs/remote-computational-journalist-data-reporting-500-wp-company-llc-1093098
RemoteOK,Unknown,Fullstack Software Engineer,BlackCloak,,,https://remoteok.com/remote-jobs/remote-fullstack-software-engineer-blackcloak-1093097
RemoteOK,Unknown,Salesforce Developer,StackAdapt,,,https://remoteok.com/remote-jobs/remote-salesforce-developer-stackadapt-1093096
RemoteOK,Unknown,DevOps Engineer Staking,Crypto.com,,,https://remoteok.com/remote-jobs/remote-devops-engineer-staking-crypto-com-1093055
RemoteOK,Unknown,Technical Product Manager Developer Platform,TrueML,,,https://remoteok.com/remote-jobs/remote-technical-product-manager-developer-platform-trueml-1093012
RemoteOK,Unknown,DevOps Engineer,ScaleTech,,,https://remoteok.com/remote-jobs/remote-devops-engineer-scaletech-1092992
RemoteOK,Unknown,Principal Software Engineer,Shippo,,,https://remoteok.com/remote-jobs/remote-principal-software-engineer-shippo-1092986
RemoteOK,Unknown,Senior Software Engineer,Aurora Labs,,,https://remoteok.com/remote-jobs/remote-senior-software-engineer-aurora-labs-1093506
RemoteOK,Unknown,Senior Python Backend Engineer,Orga AI,,,https://remoteok.com/remote-jobs/remote-senior-python-backend-engineer-orga-ai-1093458
RemoteOK,Unknown,Senior Backend Engineer,HockeyStack,,,https://remoteok.com/remote-jobs/remote-senior-backend-engineer-hockeystack-1093257
RemoteOK,Unknown,Senior Software Engineer Full Stack,Pano AI,,,https://remoteok.com/remote-jobs/remote-senior-software-engineer-full-stack-pano-ai-1093481
RemoteOK,Unknown,Senior Backend Engineer,DoiT,,,https://remoteok.com/remote-jobs/remote-senior-backend-engineer-doit-1093474
RemoteOK,Unknown,Go Developer Consultant,GoDevs,,,https://remoteok.com/remote-jobs/remote-go-developer-consultant-godevs-1093457
RemoteOK,Unknown,Senior Backend Engineer II,Gametime,,,https://remoteok.com/remote-jobs/remote-senior-backend-engineer-ii-gametime-1093453
RemoteOK,Unknown,Senior Staff Software Engineer Backend,OneSignal,,,https://remoteok.com/remote-jobs/remote-senior-staff-software-engineer-backend-onesignal-1093441
RemoteOK,Unknown,Senior Fullstack Developer,Swipe Games,,,https://remoteok.com/remote-jobs/remote-senior-fullstack-developer-swipe-games-1093439
RemoteOK,Unknown,Site Reliability Engineer,Tinybird,,,https://remoteok.com/remote-jobs/remote-site-reliability-engineer-tinybird-1093416
RemoteOK,Unknown,Senior Backend Developer Node,Tether Operations Limited,,,https://remoteok.com/remote-jobs/remote-senior-backend-developer-node-tether-operations-limited-1093406
RemoteOK,Unknown,Senior AI Engineer Python & LLM Engineer,Lemon.io,,,https://remoteok.com/remote-jobs/remote-senior-ai-engineer-python-llm-engineer-lemon-io-1093400
RemoteOK,Unknown,Senior Golang Backend Engineer,Salesforge,,,https://remoteok.com/remote-jobs/remote-senior-golang-backend-engineer-salesforge-1093398
RemoteOK,Unknown,Software Engineering Team Lead,bloXroute Labs,,,https://remoteok.com/remote-jobs/remote-software-engineering-team-lead-bloxroute-labs-1093363
RemoteOK,Unknown,Senior Backend Engineer,MoonPay,,,https://remoteok.com/remote-jobs/remote-senior-backend-engineer-moonpay-1093336
RemoteOK,Unknown,Senior UI Engineer Senior Frontend Engineer,Toku,,,https://remoteok.com/remote-jobs/remote-senior-ui-engineer-senior-frontend-engineer-toku-1093332
RemoteOK,Unknown,Senior Backend Software Engineer,Bitwise Asset Management,,,https://remoteok.com/remote-jobs/remote-senior-backend-software-engineer-bitwise-asset-management-1093313
RemoteOK,Unknown,Product Engineer,Zen Educate,,,https://remoteok.com/remote-jobs/remote-product-engineer-zen-educate-1093291
RemoteOK,Unknown,Senior Backend Engineer,Raya,,,https://remoteok.com/remote-jobs/remote-senior-backend-engineer-raya-1093271
RemoteOK,Unknown,Staff Mobile Engineer React Native Europe,Hostaway,,,https://remoteok.com/remote-jobs/remote-staff-mobile-engineer-react-native-europe-hostaway-1093235
RemoteOK,Unknown,Application Engineer,LaunchBrightly,,,https://remoteok.com/remote-jobs/remote-application-engineer-launchbrightly-1093516
RemoteOK,Unknown,Senior Fullstack Developer,Swipe Games,,,https://remoteok.com/remote-jobs/remote-senior-fullstack-developer-swipe-games-1093439
RemoteOK,Unknown,Senior UI UX Designer Data & AI Platform,Soda,,,https://remoteok.com/remote-jobs/remote-senior-ui-ux-designer-data-ai-platform-soda-1093427
RemoteOK,Unknown,Ruby on Rails Engineer,EverAI,,,https://remoteok.com/remote-jobs/remote-ruby-on-rails-engineer-everai-1093272
RemoteOK,Unknown,Intermediate Angular Developer,Revelator,,,https://remoteok.com/remote-jobs/remote-intermediate-angular-developer-revelator-1058054
RemoteOK,Unknown,Senior PHP Laravel Developer,IxDF - Interaction Design Foundation,,,https://remoteok.com/remote-jobs/remote-senior-php-laravel-developer-ixdf-interaction-design-foundation-840144
RemoteOK,Unknown,Senior Fullstack Programmer,DefiTuna,,,https://remoteok.com/remote-jobs/remote-senior-fullstack-programmer-defituna-784941
RemoteOK,Unknown,Rails Frontend & Backend Wizard,VIVA,,,https://remoteok.com/remote-jobs/remote-rails-frontend-backend-wizard-viva-680612
RemoteOK,Unknown,Senior Front End Angular Developer,Revelator,,,https://remoteok.com/remote-jobs/remote-senior-front-end-angular-developer-revelator-701355
RemoteOK,Unknown,Developer,VIVA,,,https://remoteok.com/remote-jobs/remote-developer-viva-687315
RemoteOK,Unknown,Senior Frontend Developer,Center,,,https://remoteok.com/remote-jobs/remote-senior-frontend-developer-center-647900
RemoteOK,Unknown,UX Engineer,Spectora,,,https://remoteok.com/remote-jobs/remote-ux-engineer-spectora-656399
RemoteOK,Unknown,Junior FE w Vue.js,CSGOEmpire,,,https://remoteok.com/remote-jobs/remote-junior-fe-w-vue-js-csgoempire-560988
RemoteOK,Unknown,Principal Software Development Engineer SEO,Zillow,,,https://remoteok.com/remote-jobs/112207-remote-principal-software-development-engineer-seo-zillow
RemoteOK,Unknown,HTML CSS Designer Developer,__OperateBeyond__TrailerCentral,,,https://remoteok.com/remote-jobs/111567-remote-html-css-designer-developer-operatebeyond-trailercentral
RemoteOK,Unknown,Staff Full Stack Software Engineer,ServiceBell,,,https://remoteok.com/remote-jobs/111204-remote-staff-full-stack-software-engineer-servicebell
RemoteOK,Unknown,Web developer,EyeSeeTea,,,https://remoteok.com/remote-jobs/110538-remote-web-developer-eyeseetea
RemoteOK,Unknown,Senior Staff Frontend Engineer React,Close,,,https://remoteok.com/remote-jobs/110282-remote-senior-staff-frontend-engineer-react-close
RemoteOK,Unknown,Senior Frontend React JS Developer,Stellar Software,,,https://remoteok.com/remote-jobs/110273-remote-senior-frontend-react-js-developer-stellar-software
RemoteOK,Unknown,Senior Software Engineer,ModelVault,,,https://remoteok.com/remote-jobs/remote-senior-software-engineer-modelvault-1093504
RemoteOK,Unknown,Senior Fullstack Developer,Swipe Games,,,https://remoteok.com/remote-jobs/remote-senior-fullstack-developer-swipe-games-1093439
RemoteOK,Unknown,Senior Full Stack Developer,Zammad,,,https://remoteok.com/remote-jobs/remote-senior-full-stack-developer-zammad-1093045
RemoteOK,Unknown,Founding Engineer,Teracy,,,https://remoteok.com/remote-jobs/remote-founding-engineer-teracy-1093410
RemoteOK,Unknown,Tech Cofounder CTO,Founders Factory,,,https://remoteok.com/remote-jobs/remote-tech-cofounder-cto-founders-factory-1093267
RemoteOK,Unknown,Back End Developer Winna.com,Winna,,,https://remoteok.com/remote-jobs/remote-back-end-developer-winna-com-winna-1092973
RemoteOK,Unknown,Full Stack Developer,Incyte Studios,,,https://remoteok.com/remote-jobs/remote-full-stack-developer-incyte-studios-1086821
RemoteOK,Unknown,Senior PHP Laravel Developer Full Stack,Interaction Design Foundation,,,https://remoteok.com/remote-jobs/remote-senior-php-laravel-developer-full-stack-interaction-design-foundation-1084150
RemoteOK,Unknown,Sr Software Developer PHP MySQL,LendingWise,,,https://remoteok.com/remote-jobs/remote-sr-software-developer-php-mysql-lendingwise-1087580
RemoteOK,Unknown,Senior Back End Wizard,joi.studio,,,https://remoteok.com/remote-jobs/remote-senior-back-end-wizard-joi-studio-867839
RemoteOK,Unknown,Senior Full Stack Developer,Rebilly,,,https://remoteok.com/remote-jobs/remote-senior-full-stack-developer-rebilly-654457
RemoteOK,Unknown,Senior Ruby on Rails Developer Latin America,FullStack Labs,,,https://remoteok.com/remote-jobs/remote-senior-ruby-on-rails-developer-latin-america-fullstack-labs-482371
RemoteOK,Unknown,Senior Mobile Developer Latin America,FullStack Labs,,,https://remoteok.com/remote-jobs/remote-senior-mobile-developer-latin-america-fullstack-labs-469370
RemoteOK,Unknown,Systems Administrator Engineer Latin America,FullStack Labs,,,https://remoteok.com/remote-jobs/remote-systems-administrator-engineer-latin-america-fullstack-labs-136573
RemoteOK,Unknown,IOS Developer Canada,FullStack Labs,,,https://remoteok.com/remote-jobs/remote-ios-developer-canada-fullstack-labs-120553
RemoteOK,Unknown,Javascript Fullstack Developer,Quave,,,https://remoteok.com/remote-jobs/110736-remote-javascript-fullstack-developer-quave
RemoteOK,Unknown,Front End Developer,BrickSeek,,,https://remoteok.com/remote-jobs/110607-remote-front-end-developer-brickseek
RemoteOK,Unknown,Senior Full Stack Developer,Sherbet,,,https://remoteok.com/remote-jobs/110679-remote-senior-full-stack-developer-sherbet
RemoteOK,Unknown,Senior Full stack JavaScript Developer,Mark Copy,,,https://remoteok.com/remote-jobs/110555-remote-senior-full-stack-javascript-developer-mark-copy
RemoteOK,Unknown,UI UX Web Designer,FullStack,,,https://remoteok.com/remote-jobs/110294-remote-ui-ux-web-designer-fullstack
RemoteOK,Unknown,Lead Data Engineer,Open Architects,,,https://remoteok.com/remote-jobs/remote-lead-data-engineer-open-architects-1093295
RemoteOK,Unknown,Senior Python Backend Engineer,Orga AI,,,https://remoteok.com/remote-jobs/remote-senior-python-backend-engineer-orga-ai-1093458
RemoteOK,Unknown,Data Engineer II,TrueML,,,https://remoteok.com/remote-jobs/remote-data-engineer-ii-trueml-1093479
RemoteOK,Unknown,Senior Scientific Software Engineer Magnet Protection Systems,Commonwealth Fusion Systems,,,https://remoteok.com/remote-jobs/remote-senior-scientific-software-engineer-magnet-protection-systems-commonwealth-fusion-systems-1093472
RemoteOK,Unknown,Senior Site Reliability Engineer ML Platforms,2100 NVIDIA USA,,,https://remoteok.com/remote-jobs/remote-senior-site-reliability-engineer-ml-platforms-2100-nvidia-usa-1093465
RemoteOK,Unknown,Site Reliability Engineer,Tinybird,,,https://remoteok.com/remote-jobs/remote-site-reliability-engineer-tinybird-1093416
RemoteOK,Unknown,Senior AI Engineer Python & LLM Engineer,Lemon.io,,,https://remoteok.com/remote-jobs/remote-senior-ai-engineer-python-llm-engineer-lemon-io-1093400
RemoteOK,Unknown,Senior Systems Engineer Autonomous Vehicle Infrastructure,2100 NVIDIA USA,,,https://remoteok.com/remote-jobs/remote-senior-systems-engineer-autonomous-vehicle-infrastructure-2100-nvidia-usa-1093327
RemoteOK,Unknown,Data Analyst Canada Wide,Newton,,,https://remoteok.com/remote-jobs/remote-data-analyst-canada-wide-newton-1093292
RemoteOK,Unknown,Data Analyst,Foodsmart,,,https://remoteok.com/remote-jobs/remote-data-analyst-foodsmart-1093207
RemoteOK,Unknown,Testing Engineer,Trial Library,,,https://remoteok.com/remote-jobs/remote-testing-engineer-trial-library-1093169
RemoteOK,Unknown,Werkstudent im Bereich SAP & Cloud Automation,Public Cloud Group,,,https://remoteok.com/remote-jobs/remote-werkstudent-im-bereich-sap-amp-cloud-automation-public-cloud-group-1093160
RemoteOK,Unknown,Senior Data Analytics Engineer,Fullscript,,,https://remoteok.com/remote-jobs/remote-senior-data-analytics-engineer-fullscript-1093152
RemoteOK,Unknown,Senior Software Engineer,Nava,,,https://remoteok.com/remote-jobs/remote-senior-software-engineer-nava-1093123
RemoteOK,Unknown,Backend Software Engineer,Firework,,,https://remoteok.com/remote-jobs/remote-backend-software-engineer-firework-1093113
RemoteOK,Unknown,Workflow Engineer,Serotonin,,,https://remoteok.com/remote-jobs/remote-workflow-engineer-serotonin-1093086
RemoteOK,Unknown,Software Engineer Data,Gauntlet,,,https://remoteok.com/remote-jobs/remote-software-engineer-data-gauntlet-1093031
RemoteOK,Unknown,Senior Software Developer HPC Cluster Management,2100 NVIDIA USA,,,https://remoteok.com/remote-jobs/remote-senior-software-developer-hpc-cluster-management-2100-nvidia-usa-1092990
RemoteOK,Unknown,Principal Software Engineer,Shippo,,,https://remoteok.com/remote-jobs/remote-principal-software-engineer-shippo-1092986
RemoteOK,Unknown,Analytics Manager,Serotonin,,,https://remoteok.com/remote-jobs/remote-analytics-manager-serotonin-1092915
RemoteOK,Unknown,Application Engineer,LaunchBrightly,,,https://remoteok.com/remote-jobs/remote-application-engineer-launchbrightly-1093516
RemoteOK,Unknown,Svelte Developer,Green Stuff World,,,https://remoteok.com/remote-jobs/remote-svelte-developer-green-stuff-world-1093508
RemoteOK,Unknown,Senior Backend Engineer,HockeyStack,,,https://remoteok.com/remote-jobs/remote-senior-backend-engineer-hockeystack-1093257
RemoteOK,Unknown,Fullstack Developer JS Developer,GuideWell,,,https://remoteok.com/remote-jobs/remote-fullstack-developer-js-developer-guidewell-1093480
RemoteOK,Unknown,Back End Engineer,Medely,,,https://remoteok.com/remote-jobs/remote-back-end-engineer-medely-1093475
RemoteOK,Unknown,Senior WordPress Plugins Developer,Melapress,,,https://remoteok.com/remote-jobs/remote-senior-wordpress-plugins-developer-melapress-1093402
RemoteOK,Unknown,Senior Fullstack Developer,Swipe Games,,,https://remoteok.com/remote-jobs/remote-senior-fullstack-developer-swipe-games-1093439
RemoteOK,Unknown,Senior AI Engineer Python & LLM Engineer,Lemon.io,,,https://remoteok.com/remote-jobs/remote-senior-ai-engineer-python-llm-engineer-lemon-io-1093400
RemoteOK,Unknown,Blockchain Engineer,MoonPay,,,https://remoteok.com/remote-jobs/remote-blockchain-engineer-moonpay-1093331
RemoteOK,Unknown,Javascript Fullstack Engineer Senior,Lumenalta,,,https://remoteok.com/remote-jobs/remote-javascript-fullstack-engineer-senior-lumenalta-1092919
RemoteOK,Unknown,Software Engineer II,Everbridge,,,https://remoteok.com/remote-jobs/remote-software-engineer-ii-everbridge-1093283
RemoteOK,Unknown,Senior React Native SDK Engineer,Nami ML,,,https://remoteok.com/remote-jobs/remote-senior-react-native-sdk-engineer-nami-ml-1093276
RemoteOK,Unknown,Full Stack .NET Developer,Smart Working Solutions,,,https://remoteok.com/remote-jobs/remote-full-stack-net-developer-smart-working-solutions-1093245
RemoteOK,Unknown,Staff Mobile Engineer React Native Europe,Hostaway,,,https://remoteok.com/remote-jobs/remote-staff-mobile-engineer-react-native-europe-hostaway-1093235
RemoteOK,Unknown,Back End Developer Winna.com,Winna,,,https://remoteok.com/remote-jobs/remote-back-end-developer-winna-com-winna-1092973
RemoteOK,Unknown,Design Centric Senior Front End Engineer,Dapper Labs,,,https://remoteok.com/remote-jobs/remote-design-centric-senior-front-end-engineer-dapper-labs-1093136
RemoteOK,Unknown,Software Engineer III,Nextech,,,https://remoteok.com/remote-jobs/remote-software-engineer-iii-nextech-1093125
RemoteOK,Unknown,Member of Technical Staff Transparency Front End Engineer,Anchorage Digital,,,https://remoteok.com/remote-jobs/remote-member-of-technical-staff-transparency-front-end-engineer-anchorage-digital-1093115
RemoteOK,Unknown,Fullstack Software Engineer,BlackCloak,,,https://remoteok.com/remote-jobs/remote-fullstack-software-engineer-blackcloak-1093097
RemoteOK,Unknown,Senior Technical Product Manager Wallets,Tether Operations Limited,,,https://remoteok.com/remote-jobs/remote-senior-technical-product-manager-wallets-tether-operations-limited-1093095
RemoteOK,Unknown,Founding AI Engineer,Dimension,,,https://remoteok.com/remote-jobs/remote-founding-ai-engineer-dimension-701467
RemoteOK,Unknown,Machine learning engineer for large scale ML project,OneSecondDelivery,,,https://remoteok.com/remote-jobs/106921-remote-machine-learning-engineer-for-large-scale-ml-project-oneseconddelivery
RemoteOK,Unknown,Full Stack Developer,AMNESIA media,,,https://remoteok.com/remote-jobs/104488-remote-full-stack-developer-amnesia-media
RemoteOK,Unknown,Data Scientist,Ampcontrol,,,https://remoteok.com/remote-jobs/103561-remote-data-scientist-ampcontrol
RemoteOK,Unknown,Senior Data Scientist,Shopify,,,https://remoteok.com/remote-jobs/103484-remote-senior-data-scientist-shopify
RemoteOK,Unknown,Senior Data Scientist,NannyML,,,https://remoteok.com/remote-jobs/103333-remote-senior-data-scientist-nannyml
RemoteOK,Unknown,Technical Community Manager,Iterative,,,https://remoteok.com/remote-jobs/99931-remote-technical-community-manager-iterative
RemoteOK,Unknown,CTO,neuronbits,,,https://remoteok.com/remote-jobs/99223-remote-cto-neuronbits
RemoteOK,Unknown,Senior Software Engineer,neuronbits,,,https://remoteok.com/remote-jobs/99221-remote-senior-software-engineer-neuronbits
RemoteOK,Unknown,Machine Learning Engineer,neuronbits,,,https://remoteok.com/remote-jobs/99219-remote-machine-learning-engineer-neuronbits
RemoteOK,Unknown,Senior NLP Software Engineer,neuronbits,,,https://remoteok.com/remote-jobs/99218-remote-senior-nlp-software-engineer-neuronbits
RemoteOK,Unknown,Machine Learning Engineer,Senseye,,,https://remoteok.com/remote-jobs/71779-remote-machine-learning-engineer-senseye
RemoteOK,Unknown,Machine Learning Engineer,Senseye,,,https://remoteok.com/remote-jobs/63109-remote-machine-learning-engineer-senseye
RemoteOK,Unknown,Machine Learning Engineer,Senseye,,,https://remoteok.com/remote-jobs/61811-remote-machine-learning-engineer-senseye
RemoteOK,Unknown,VP Machine Learning,Sway Ops,,,https://remoteok.com/remote-jobs/12579-remote-vp-machine-learning-sway-ops
RemoteOK,Unknown,Golang developer with knowledge within machine learning,Real Audience AB,,,https://remoteok.com/remote-jobs/12090-remote-golang-developer-with-knowledge-within-machine-learning-real-audience-ab
RemoteOK,Unknown,Golang Software Engineer,NodePrime,,,https://remoteok.com/remote-jobs/9466-remote-golang-software-engineer-nodeprime
